0	7
1	420
2	420
3	420
4	596
5	800
6	1152
7	1315
8	1323
9	1407
10	1554
11	2034
12	2087
13	2376
14	2387
15	2418
16	2418
17	2418
18	2481
19	2542
20	2557
21	2559
22	2559
23	2569
24	2628
25	2628
26	2852
27	2852
29	2855
30	2981
31	3200
32	3200
33	3200
34	3216
35	3238
36	3253
37	3266
38	3266
39	3288
40	3299
41	3299
42	3303
43	3346
44	3347
45	3352
46	3371
47	3459
48	3553
49	3579
50	3598
52	3598
53	3625
54	3625
55	3652
56	3655
57	3668
58	3683
59	3687
60	4264
61	4283
62	4323
63	4323
64	4323
65	4323
66	4358
67	4358
68	4366
69	4378
70	4382
71	4389
72	4389
73	4438
74	4472
75	4479
76	4482
77	4501
78	4514
79	4520
80	4521
81	4532
82	4540
83	4602
84	4623
85	4623
86	4700
87	4732
88	4758
89	4776
90	4800
91	4802
92	4845
93	4847
94	4855
96	4872
97	4902
98	4913
99	4918
100	4924
101	5022
102	5054
103	5056
104	5116
105	5415
106	5466
107	5466
108	5470
109	5519
110	5532
111	5536
112	5547
113	5547
114	5687
115	5695
116	5717
117	5772
118	5920
119	5987
120	6053
121	6057
122	6112
123	6123
124	6134
125	6528
126	6567
128	6613
129	6624
130	6678
131	6710
132	6879
133	6895
134	6901
135	6971
136	6990
137	7000
138	7012
139	7012
140	7013
141	7024
142	7169
143	7190
145	7190
146	7197
147	7205
148	7211
149	7217
150	7218
151	7218
152	7268
153	7273
154	7294
155	7375
156	7452
157	7466
159	7483
160	7483
161	7535
162	7555
163	7557
164	7559
165	7577
166	7602
167	7614
168	7742
170	7772
171	7810
172	8870
173	8890
174	8897
175	8936
176	8951
177	9117
178	9161
180	9164
181	9190
182	9233
183	9283
184	9313
185	9320
186	9325
188	9335
189	9338
190	9348
191	9369
192	9386
193	9387
195	9407
196	9451
197	9459
198	9553
199	9558
200	9659
201	9674
203	9729
204	9761
205	9773
206	9835
207	9841
208	9847
209	9861
211	9896
212	9896
213	9921
214	9976
215	9979
216	10021
218	10031
219	10056
220	10063
221	10064
222	10091
223	10109
224	10109
226	10124
227	10124
228	10124
229	10223
230	10283
231	10879
232	10895
234	10904
235	10955
236	10971
237	10977
238	10990
239	11001
240	11001
241	11172
243	11211
244	11246
245	11246
246	11265
247	11265
248	11301
250	11307
251	11308
252	11497
253	11503
254	11508
256	11510
257	11510
258	11522
260	11569
261	11583
262	11588
263	11679
264	11754
265	11755
267	11813
268	11837
269	11844
270	11904
272	11913
273	11941
274	11968
275	11977
277	11981
278	12008
279	12043
280	12045
282	12122
283	12164
284	12176
285	12204
286	12206
287	12206
289	12221
290	12221
291	12240
292	12261
294	12287
295	12304
296	12313
297	12328
299	12372
300	12388
301	12391
302	12396
304	12404
305	12441
306	12493
308	12532
309	12532
310	12565
311	12579
313	12583
314	12595
315	12627
316	12661
318	12678
319	12723
320	12741
322	12748
323	12761
324	12788
325	12812
326	12812
328	12853
329	12884
330	12896
332	12934
333	12949
334	12957
335	13110
337	13277
338	13301
339	13318
340	13328
342	13349
343	13353
344	13363
345	13363
347	13378
348	13387
349	13387
350	13393
352	13408
353	13409
354	13414
356	13415
357	13433
358	13514
359	13514
360	13565
362	13565
363	14119
364	14134
366	15627
367	15664
368	15676
369	15680
371	15682
372	15684
373	15684
375	15689
376	15706
377	15716
378	15719
380	15719
381	15793
383	15843
384	15856
386	15860
387	15907
388	15908
390	15913
391	15920
392	15944
394	15947
395	15954
396	15957
398	15957
399	15968
400	16007
401	16007
403	16007
404	16009
405	16014
406	16040
408	16073
409	16089
410	16091
411	16097
412	16112
414	16128
415	16142
416	16158
417	16177
419	16190
420	16194
421	16207
423	16214
424	16251
425	16275
427	16324
428	16331
429	16356
430	16394
431	16438
433	16456
434	16706
435	16714
437	16722
438	16776
439	16776
441	16776
442	16784
443	16786
444	16791
446	16808
447	16835
448	16840
450	16841
451	16843
453	16866
454	16887
455	16888
456	16899
458	16905
459	16920
460	16923
462	16925
463	16932
464	16942
465	16950
466	16966
468	16967
469	17002
470	17005
472	17012
473	17017
474	17038
476	17047
477	17056
478	17057
479	17060
481	17090
482	17107
484	17116
485	17127
486	17150
487	17155
489	17158
490	17176
492	17184
493	17207
494	17214
496	17254
497	17289
498	17289
499	17293
501	17310
502	17319
504	17329
505	17337
506	17375
508	17382
509	17396
510	17396
512	17416
513	17419
515	17474
516	17490
517	17502
519	17503
520	17503
522	17531
523	17534
524	17539
526	17546
527	17548
528	17555
530	17555
531	17562
532	17562
534	17579
535	17673
537	17674
538	17675
539	17675
541	17679
542	17687
543	17741
545	17741
546	17742
548	17745
549	17778
551	17780
552	17809
553	17815
555	17815
556	17837
557	18220
559	18225
560	18225
561	18236
562	18236
564	18236
565	18246
566	18283
567	18286
569	18311
570	18318
571	18408
572	18411
574	18411
575	18411
576	18414
578	18415
579	18416
581	18417
582	18445
583	18446
585	18456
586	18456
588	18464
589	18475
590	18491
592	18498
593	18501
594	18502
596	18505
597	18506
598	18511
600	18511
601	18515
602	18516
603	18532
604	18543
606	18543
607	18562
608	18564
610	18567
611	18572
612	18575
614	18580
615	18580
617	18595
618	18596
619	18612
621	18622
622	18622
623	18625
625	18669
626	18672
627	18674
629	18674
630	18675
632	18675
633	18718
634	18724
636	18727
637	18729
639	18733
640	18736
641	18737
643	18744
644	18752
646	18755
647	18761
648	18767
650	18770
651	18770
653	18797
654	18797
656	18802
657	18806
659	18814
660	18821
662	18858
663	18859
665	18859
666	18886
668	18902
669	18902
670	18902
672	18902
673	18905
675	18926
676	18926
677	18970
679	18977
680	18979
681	18993
683	18995
684	18995
685	19006
687	19234
688	19235
690	19238
691	19254
693	19254
694	19264
695	19265
697	19269
698	19269
699	19270
701	19295
702	19711
704	19714
705	19724
707	19724
708	19724
709	19727
711	19727
712	19727
714	19728
715	19752
716	19766
718	19767
719	19773
721	19786
722	19794
723	19809
724	19822
726	19822
727	19868
728	19874
730	19875
731	19916
733	19921
734	19932
735	19932
737	19950
738	19950
739	19950
741	19950
742	19961
744	19961
745	19993
746	19995
748	19998
749	20014
750	20021
751	20030
753	20040
754	20040
755	20049
757	20055
758	20055
760	20056
761	20060
763	20064
764	20064
766	20082
767	20089
768	20093
770	20097
771	20099
772	20099
774	20105
775	20106
777	20114
778	20117
780	20120
781	20150
783	20152
784	20152
786	20166
787	20198
788	20218
790	20218
791	20218
793	20220
794	20220
795	20240
797	20244
799	20248
800	20249
801	20253
803	20253
804	20258
806	20258
807	20260
808	20310
810	20342
811	20350
813	20368
814	20368
816	20371
817	20377
818	20378
820	20378
821	20378
822	20378
824	20384
825	20384
827	20389
828	20391
829	20391
831	20391
832	20391
834	20392
835	20393
837	20393
838	20399
840	20414
841	20429
843	20437
844	20437
846	20440
847	20444
848	20444
850	20448
851	20462
853	20466
854	20521
856	20521
857	20551
859	20553
860	20554
862	20554
863	20562
865	20564
866	20564
867	20636
869	20640
870	20654
872	20659
873	20659
875	20659
876	20659
877	20659
879	20668
880	20669
881	20675
882	20679
884	20680
885	20683
887	20683
888	20683
890	20707
891	20708
892	20713
894	20713
895	20780
897	20826
898	20826
900	20826
901	20826
902	20829
904	20829
905	20829
907	20834
908	20846
909	20846
911	20848
912	20853
913	20853
915	20861
916	20863
918	20863
919	20884
920	20884
922	20890
924	20892
925	20893
927	20894
928	20895
929	20904
931	20907
932	20916
934	20918
935	20919
936	20919
938	20927
939	20927
941	20929
942	20933
943	20937
945	20938
946	20938
948	20944
949	20944
951	20953
952	20953
954	20956
955	20957
957	20959
958	20959
960	20961
961	20965
963	20965
964	20976
966	20983
967	20990
969	21000
970	21000
971	21003
973	21004
974	21004
976	21004
978	21004
979	21009
980	21009
982	21009
983	21009
985	21009
986	21054
987	21055
989	21055
990	21055
992	21055
993	21055
995	21055
996	21056
998	21057
999	21057
1001	21057
1002	21058
1003	21058
1005	21059
1006	21059
1008	21060
1009	21060
1010	21061
1012	21061
1013	21062
1015	21095
1016	21099
1018	21112
1019	21112
1021	21118
1022	21118
1024	21124
1025	21133
1027	21133
1028	21133
1030	21133
1031	21141
1033	21141
1034	21152
1036	21154
1037	21154
1039	21155
1041	21156
1042	21182
1044	21182
1045	21185
1047	21186
1048	21188
1049	21209
1051	21209
1053	21209
1054	21214
1056	21214
1057	21230
1059	21231
1061	21235
1062	21249
1064	21261
1065	21262
1067	21262
1068	21270
1070	21293
1071	21293
1073	21294
1074	21294
1076	21298
1077	21299
1078	21299
1080	21299
1081	21299
1083	21299
1084	21299
1086	21299
1087	21299
1089	21299
1090	21300
1092	21300
1093	21300
1095	21300
1096	21300
1098	21324
1099	21327
1101	21327
1102	21328
1104	21328
1105	21331
1106	21331
1108	21342
1109	21342
1111	21343
1112	21344
1114	21345
1115	21381
1117	21384
1118	21385
1120	21394
1121	21397
1123	21397
1124	21397
1126	21397
1127	21578
1129	21579
1130	21579
1131	21582
1133	21584
1135	21584
1136	21584
1138	21584
1140	21586
1141	21586
1142	21586
1144	21586
1146	21587
1147	21589
1149	21589
1150	21589
1152	21589
1154	21589
1155	21589
1157	21589
1158	21601
1160	21601
1161	21601
1163	21601
1165	21601
1166	21602
1168	21613
1169	21618
1171	21619
1172	21620
1174	21620
1176	21620
1177	21625
1179	21625
1180	21625
1182	21626
1183	21626
1185	21626
1187	21626
1188	21626
1190	21626
1191	21626
1192	21626
1194	21627
1195	21627
1197	21635
1198	21635
1199	21649
1201	21649
1202	21649
1204	21651
1205	21651
1207	21651
1208	21651
1210	21651
1211	21652
1213	21652
1215	21656
1216	21656
1218	21656
1220	21656
1221	21656
1223	21660
1224	21660
1226	21660
1227	21660
1229	21666
1230	21666
1232	21666
1233	21666
1235	21666
1237	21666
1238	21666
1240	21666
1241	21667
1243	21668
1244	21671
1246	21671
1247	21671
1249	21671
1250	21671
1252	21672
1253	21673
1255	21688
1256	21688
1258	21688
1260	21688
1261	21691
1263	21691
1264	21691
1266	21702
1267	21702
1268	21703
1270	21703
1271	21704
1273	21704
1274	21709
1276	21710
1277	21733
1279	21733
1280	21733
1282	21733
1283	21733
1285	21733
1286	21733
1288	21733
1289	21733
1291	21733
1292	21734
1294	21734
1295	21734
1297	21734
1298	21734
1300	21740
1301	21740
1303	21752
1305	21752
1306	21753
1308	21755
1309	21759
1310	21765
1312	21767
1314	21767
1315	21767
1317	21769
1318	21777
1320	21777
1322	21777
1323	21777
1325	21791
1326	21796
1328	21796
1329	21796
1331	21836
1333	21836
1334	21836
1336	21838
1337	21838
1339	21839
1340	21839
1342	21839
1343	21839
1344	21839
1346	21839
1347	21988
1349	21988
1350	21988
1352	22122
1353	22122
1355	22122
1356	22122
1358	22123
1359	22123
1361	22123
1363	22132
1364	22132
1365	22133
1367	22135
1368	22135
1370	22135
1372	22148
1373	22214
1375	22237
1376	22237
1378	22237
1380	22237
1381	22237
1383	22246
1385	22252
1386	22252
1388	22252
1390	22252
1392	22252
1393	22252
1394	22252
1396	22252
1397	22252
1399	22252
1400	22252
1402	22253
1404	22253
1405	22253
1407	22259
1408	22259
1410	22259
1411	22620
1413	22620
1414	22620
1416	22620
1417	22620
1419	22630
1421	22631
1422	22632
1424	22632
1425	22632
1427	22635
1429	22635
1430	22635
1432	22635
1433	22635
1435	22635
1437	22639
1438	22639
1440	22639
1442	22639
1443	22642
1445	22642
1446	22642
1448	22642
1449	22642
1451	22642
1452	22642
1454	22652
1455	22652
1457	22653
1459	22653
1460	22655
1461	22661
1463	22661
1465	22662
1466	22662
1468	22662
1470	22662
1471	22662
1473	22662
1474	22662
1476	22662
1477	22662
1479	22662
1480	22662
1482	22662
1483	22662
1485	22662
1486	22662
1488	22663
1490	22664
1491	22664
1493	22665
1494	22665
1496	22665
1498	22665
1499	22665
1501	22665
1502	22665
1504	22665
1505	22665
1507	22665
1508	22665
1510	22665
1512	22665
1513	22666
1515	22666
1516	22666
1518	22666
1519	22682
1520	22682
1522	22774
1523	22774
1525	22774
1527	22774
1528	22774
1530	22786
1532	22786
1533	22796
1534	22796
1536	22797
1538	22797
1539	22803
1540	22809
1542	22812
1544	22834
1545	22834
1546	22959
1548	22959
1549	22959
1551	22959
1552	22963
1554	22964
1555	22964
1557	22968
1558	22968
1560	22968
1562	22968
1563	22968
1564	22968
1566	22970
1568	22970
1570	22970
1571	22970
1573	22970
1574	22970
1576	22974
1577	22976
1579	22976
1581	22986
1582	22988
1584	22988
1585	22989
1587	22989
1588	22989
1590	22997
1591	23020
1593	23020
1594	23020
1596	23020
1597	23022
1599	23022
1600	23022
1602	23022
1603	23022
1604	23022
1606	23023
1608	23034
1609	23046
1610	23046
1612	23054
1613	23054
1615	23054
1616	23054
1618	23054
1619	23071
1621	23071
1622	23100
1624	23104
1625	23104
1627	23105
1628	23106
1630	23106
1631	23106
1633	23106
1634	23106
1636	23106
1637	23109
1639	23110
1640	23128
1642	23128
1643	23128
1644	23128
1646	23128
1648	23128
1649	23128
1651	23130
1652	23152
1654	23152
1656	23152
1657	23152
1659	23152
1660	23152
1662	23155
1663	23218
1665	23219
1666	23219
1668	23219
1669	23223
1670	23223
1672	23224
1673	23224
1675	23226
1677	23228
1678	23228
1680	23229
1681	23229
1683	23230
1684	23230
1686	23230
1687	23230
1689	23230
1690	23230
1692	23230
1693	23230
1695	23230
1696	23244
1698	23246
1699	23247
1701	23247
1702	23248
1704	23260
1705	23260
1706	23261
1708	23266
1709	23267
1711	23267
1712	23267
1714	23267
1715	23267
1716	23284
1718	23284
1719	23286
1721	23286
1722	23287
1724	23287
1725	23288
1727	23289
1728	23293
1729	23299
1731	23299
1733	23299
1734	23303
1736	23310
1737	23312
1739	23312
1740	23312
1742	23316
1743	23318
1745	23318
1746	23321
1748	23324
1749	23327
1751	23328
1753	23328
1754	23328
1756	23329
1757	23330
1759	23333
1760	23343
1762	23343
1763	23343
1765	23343
1766	23343
1768	23347
1770	23348
1771	23349
1773	23349
1774	23358
1775	23358
1777	23358
1778	23359
1780	23366
1781	23376
1783	23380
1784	23380
1786	23380
1787	23381
1789	23382
1790	23382
1792	23382
1793	23391
1795	23392
1796	23394
1798	23418
1799	23430
1801	23430
1802	23430
1803	23430
1805	23431
1806	23432
1808	23432
1809	23446
1811	23447
1812	23447
1814	23447
1816	23447
1817	23447
1819	23448
1821	23448
1822	23448
1824	23448
1825	23448
1827	23449
1828	23449
1830	23450
1831	23451
1833	23458
1835	23458
1836	23458
1838	23462
1839	23464
1841	23469
1842	23469
1844	23472
1845	23472
1847	23472
1848	23472
1850	23472
1851	23472
1853	23472
1854	23472
1856	23475
1857	23500
1859	23500
1860	23502
1862	23502
1863	23505
1865	23505
1866	23505
1868	23505
1869	23505
1871	23505
1873	23507
1874	23507
1876	23507
1877	23507
1879	23507
1880	23507
1882	23514
1883	23515
1885	23515
1887	23516
1888	23538
1890	23540
1892	23540
1893	23540
1895	23579
1896	23579
1898	23579
1900	23579
1902	23579
1903	23579
1905	23579
1907	23579
1908	23582
1910	23582
1911	23584
1913	23600
1915	23600
1916	23600
1918	23600
1919	23613
1921	23613
1922	23613
1924	23613
1925	23613
1927	23613
1928	23613
1930	23614
1932	23619
1933	23622
1935	23643
1936	23691
1938	23691
1939	23691
1941	23696
1943	23696
1944	23718
1946	23734
1947	23737
1949	23737
1950	23738
1952	23738
1954	23738
1955	23739
1957	23739
1959	23740
1960	23740
1961	23740
1963	23742
1964	23742
1966	23755
1968	23755
1969	23755
1971	23755
1972	23773
1974	23775
1975	23775
1977	23775
1978	23775
1980	23775
1982	23775
1984	23776
1986	23776
1987	23776
1989	23776
1991	23778
1992	23779
1994	23779
1996	23779
1997	23779
1999	23779
2001	23779
2002	23779
2004	23779
2006	23779
2007	23779
2009	23779
2011	23779
2012	23780
2014	23780
2016	23780
2018	23784
2019	23786
2021	23808
2023	23808
2024	23808
2026	23808
2028	23809
2029	23820
2031	23826
2032	23826
2034	23826
2036	23826
2038	23828
2039	23828
2041	23828
2042	23829
2044	23829
2045	23829
2047	23851
2048	23851
2050	23851
2051	23852
2053	23862
2055	23862
2056	23862
2058	23862
2059	23862
2061	23865
2063	23866
2064	23866
2066	23866
2068	23866
2070	23868
2072	23868
2074	23868
2075	23868
2076	23869
2078	23869
2080	23869
2081	23869
2083	23895
2085	23895
2086	23895
2088	23895
2090	23895
2091	23895
2093	23896
2095	23896
2096	23896
2098	23896
2100	23896
2101	23896
2103	23898
2104	23898
2106	23898
2108	23898
2109	23898
2111	23899
2112	23899
2114	23899
2116	23904
2117	23904
2119	23904
2121	23904
2123	23904
2124	23904
2126	23906
2127	23906
2129	23908
2130	23908
2132	23908
2134	23917
2136	23917
2138	23917
2139	23917
2141	23920
2143	23920
2144	23920
2146	23920
2148	23920
2149	23920
2151	23920
2153	23920
2155	23920
2157	23920
2158	23920
2160	23920
2161	23920
2163	23920
2164	23922
2166	23922
2168	23922
2169	23924
2171	23924
2172	23924
2174	23924
2175	23924
2177	23928
2178	23934
2180	23934
2181	23937
2183	23940
2185	23940
2186	23940
2188	23940
2189	23940
2191	23943
2192	23943
2194	23944
2196	23945
2197	23946
2199	23946
2201	23947
2202	23949
2203	23950
2205	23950
2207	23962
2208	23962
2210	23963
2212	23963
2214	23963
2215	23963
2217	23963
2219	23971
2220	23971
2222	23971
2224	23971
2225	23978
2227	23978
2228	23978
2230	24012
2231	24012
2233	24014
2234	24014
2236	24014
2237	24015
2239	24016
2240	24016
2242	24016
2244	24016
2245	24016
2247	24016
2248	24016
2250	24016
2252	24016
2253	24018
2255	24019
2257	24019
2258	24024
2260	24024
2261	24024
2263	24024
2264	24024
2266	24024
2268	24024
2270	24024
2271	24026
2272	24026
2274	24027
2275	24027
2277	24039
2279	24039
2280	24039
2282	24048
2284	24048
2285	24049
2287	24049
2289	24053
2291	24056
2292	24086
2294	24086
2296	24086
2297	24089
2299	24089
2300	24091
2302	24091
2304	24091
2305	24092
2307	24171
2309	24173
2310	24174
2312	24174
2314	24174
2315	24174
2317	24174
2319	24174
2320	24174
2321	24174
2323	24174
2325	24174
2326	24174
2328	24174
2330	24174
2331	24174
2333	24174
2335	24174
2337	24174
2338	24175
2340	24175
2342	24175
2343	24175
2345	24175
2347	24175
2348	24175
2350	24175
2351	24175
2353	24175
2355	24175
2356	24176
2358	24192
2359	24192
2361	24218
2363	24239
2365	24239
2366	24239
2368	24239
2370	24240
2371	24240
2373	24240
2374	24240
2376	24240
2377	24240
2379	24240
2380	24240
2382	24240
2384	24240
2385	24240
2387	24240
2388	24259
2390	24259
2391	24259
2393	24259
2394	24259
2396	24260
2398	24260
2399	24260
2401	24260
2403	24260
2404	24260
2406	24260
2407	24260
2409	24260
2411	24260
2412	24260
2414	24260
2416	24260
2418	24284
2419	24284
2421	24285
2423	24287
2424	24287
2426	24289
2428	24289
2429	24289
2430	24289
2432	24289
2433	24289
2435	24294
2437	24295
2438	24430
2440	24430
2441	24430
2443	24430
2444	24468
2446	24468
2447	24468
2448	24468
2450	24468
2452	24468
2453	24469
2455	24469
2456	24469
2458	24475
2460	24475
2461	24475
2463	24475
2465	24475
2466	24475
2468	24475
2470	24475
2471	24489
2473	24509
2474	24509
2476	24509
2478	24509
2480	24512
2482	24526
2483	24529
2485	24529
2487	24529
2488	24529
2490	24529
2491	24529
2493	24529
2495	24529
2496	24529
2498	24529
2500	24529
2501	24529
2503	24530
2504	24530
2506	24531
2508	24532
2509	24532
2511	24532
2513	24534
2514	24534
2516	24534
2518	24534
2519	24534
2521	24535
2522	24535
2524	24535
2526	24535
2527	24535
2528	24536
2530	24536
2532	24537
2533	24537
2535	24537
2537	24537
2538	24537
2540	24537
2542	24537
2543	24537
2545	24537
2547	24537
2548	24537
2549	24537
2551	24537
2553	24537
2554	24537
2556	24537
2558	24537
2559	24542
2561	24544
2562	24544
2564	24544
2566	24544
2568	24544
2569	24544
2571	24544
2573	24544
2574	24544
2575	24544
2577	24544
2579	24544
2580	24544
2582	24544
2583	24544
2585	24544
2587	24544
2588	24544
2590	24545
2592	24545
2593	24548
2595	24548
2597	24548
2598	24548
2600	24548
2602	24548
2603	24548
2605	24548
2607	24548
2608	24548
2610	24550
2611	24552
2613	24552
2615	24552
2616	24552
2618	24552
2620	24552
2621	24552
2623	24552
2624	24552
2626	24552
2628	24552
2629	24556
2631	24559
2632	24560
2634	24560
2635	24560
2637	24560
2639	24560
2641	24563
2642	24563
2644	24563
2646	24563
2647	24563
2649	24563
2651	24563
2652	24564
2654	24564
2656	24564
2658	24564
2659	24564
2661	24564
2662	24565
2664	24583
2666	24589
2667	24592
2669	24592
2671	24594
2672	24595
2674	24598
2675	24600
2677	24600
2679	24600
2680	24600
2682	24600
2684	24602
2685	24603
2687	24603
2689	24603
2690	24612
2692	24612
2693	24614
2695	24614
2697	24614
2698	24614
2700	24614
2702	24615
2704	24615
2706	24623
2707	24624
2709	24624
2711	24624
2712	24624
2714	24624
2715	24627
2717	24627
2719	24627
2720	24627
2722	24627
2724	24627
2725	24628
2727	24628
2728	24628
2730	24628
2732	24628
2733	24629
2735	24629
2736	24629
2738	24630
2740	24630
2742	24630
2743	24631
2745	24631
2746	24632
2748	24634
2750	24635
2751	24635
2753	24635
2754	24635
2756	24635
2757	24635
2759	24635
2761	24635
2762	24635
2764	24635
2766	24639
2768	24640
2770	24640
2771	24640
2773	24640
2775	24640
2776	24640
2778	24641
2780	24645
2781	24645
2783	24647
2785	24651
2786	24651
2788	24653
2789	24656
2791	24656
2792	24656
2794	24656
2796	24656
2798	24679
2800	24681
2801	24681
2803	24682
2804	24682
2806	24682
2808	24682
2810	24682
2812	24683
2813	24683
2815	24683
2817	24683
2818	24683
2820	24683
2821	24683
2823	24753
2824	24753
2826	24753
2828	24753
2829	24753
2831	24755
2832	24755
2834	24755
2835	24755
2837	24755
2839	24755
2840	24755
2842	24761
2843	24778
2845	24778
2847	24778
2848	24778
2850	24778
2852	24778
2854	24778
2855	24778
2857	24778
2859	24778
2860	24781
2862	24781
2864	24781
2865	24786
2867	24794
2868	24794
2870	24794
2871	24794
2873	24794
2874	24794
2876	24794
2877	24794
2879	24794
2881	24794
2882	24794
2884	24794
2885	24794
2887	24794
2889	24794
2890	24794
2892	24794
2894	24794
2895	24794
2897	24794
2898	24798
2900	24798
2902	24798
2903	24798
2905	24804
2907	24805
2908	24805
2910	24805
2912	24931
2913	24931
2915	24931
2916	24931
2918	24931
2919	24931
2921	24945
2923	24945
2924	24949
2926	24949
2928	24952
2929	24952
2931	24952
2932	24952
2934	24952
2936	24952
2938	24952
2939	24952
2941	24952
2943	24952
2944	24956
2946	24958
2948	24958
2950	24958
2952	24958
2953	24958
2955	24959
2956	24959
2958	24959
2960	24959
2961	24959
2963	24960
2965	24960
2966	24960
2968	24960
2970	24960
2972	24960
2974	24960
2976	24960
2978	24962
2979	24962
2981	24962
2983	24965
2985	24970
2986	24972
2988	24973
2990	24973
2992	24973
2993	24974
2995	24974
2996	24974
2998	24978
3000	24978
3001	24978
3003	24978
3005	24978
3006	24978
3008	24979
3010	24993
3011	24995
3013	24995
3015	24995
3016	24996
3018	24997
3020	24997
3021	24997
3023	24997
3024	24997
3026	24997
3028	24998
3029	24998
3031	24998
3033	24998
3034	24998
3036	25004
3037	25004
3039	25004
3041	25006
3042	25006
3044	25006
3046	25006
3048	25006
3049	25006
3051	25006
3053	25007
3055	25007
3056	25009
3058	25009
3060	25009
3062	25009
3064	25009
3066	25009
3067	25011
3069	25011
3070	25011
3072	25011
3074	25011
3076	25011
3077	25011
3079	25011
3080	25011
3082	25011
3084	25011
3085	25012
3087	25012
3089	25036
3090	25036
3092	25036
3093	25036
3095	25045
3097	25046
3098	25046
3100	25047
3102	25047
3103	25047
3105	25047
3106	25047
3108	25047
3110	25047
3112	25047
3113	25047
3115	25047
3117	25047
3119	25047
3120	25047
3122	25071
3124	25071
3126	25071
3128	25071
3129	25071
3131	25072
3133	25072
3134	25072
3136	25072
3137	25072
3139	25078
3141	25078
3142	25081
3144	25081
3146	25081
3147	25081
3149	25087
3151	25088
3153	25088
3154	25088
3156	25089
3157	25089
3159	25091
3160	25091
3162	25091
3164	25091
3165	25091
3167	25091
3168	25091
3170	25094
3172	25096
3173	25096
3175	25096
3176	25120
3178	25122
3180	25122
3181	25122
3183	25122
3184	25122
3186	25122
3187	25122
3189	25122
3191	25122
3192	25122
3194	25123
3196	25123
3198	25123
3199	25123
3201	25124
3202	25124
3204	25124
3206	25125
3208	25125
3209	25125
3211	25125
3213	25125
3215	25125
3216	25125
3218	25125
3220	25125
3221	25125
3223	25146
3224	25148
3226	25148
3227	25148
3229	25148
3231	25148
3232	25150
3234	25150
3236	25150
3238	25150
3240	25150
3242	25150
3244	25150
3245	25150
3247	25150
3249	25150
3250	25150
3252	25150
3254	25150
3256	25150
3257	25150
3259	25150
3261	25150
3263	25150
3264	25150
3266	25169
3268	25170
3270	25170
3271	25170
3273	25170
3274	25172
3276	25172
3278	25173
3280	25173
3282	25178
3283	25178
3285	25178
3287	25178
3288	25178
3290	25178
3292	25178
3293	25178
3295	25178
3297	25178
3298	25178
3300	25178
3302	25178
3303	25178
3305	25178
3306	25178
3308	25178
3310	25178
3312	25178
3313	25178
3315	25178
3316	25178
3318	25178
3320	25178
3322	25178
3323	25178
3325	25178
3327	25178
3328	25178
3330	25179
3332	25179
3334	25186
3335	25186
3337	25186
3338	25186
3340	25186
3342	25186
3343	25186
3345	25186
3347	25187
3348	25187
3350	25187
3351	25189
3353	25189
3355	25189
3357	25189
3358	25189
3360	25189
3362	25189
3363	25191
3365	25191
3367	25191
3368	25191
3370	25191
3372	25191
3374	25191
3376	25191
3377	25191
3379	25191
3381	25191
3382	25191
3384	25191
3385	25191
3387	25191
3389	25191
3391	25191
3392	25191
3394	25191
3396	25191
3397	25192
3398	25192
3400	25192
3402	25192
3403	25192
3406	25192
3407	25192
3409	25192
3410	25192
3412	25192
3414	25192
3416	25192
3417	25192
3419	25192
3420	25192
3421	25192
3423	25201
3425	25201
3426	25201
3428	25201
3430	25201
3431	25203
3433	25203
3435	25203
3437	25203
3439	25203
3441	25203
3442	25203
3443	25203
3445	25203
3446	25203
3447	25203
3448	25203
3450	25203
3451	25203
3453	25208
3455	25208
3457	25212
3458	25213
3459	25213
3461	25213
3462	25213
3463	25213
3465	25214
3467	25214
3468	25214
3470	25214
3471	25214
3473	25214
3474	25214
3476	25214
3478	25214
3479	25214
3481	25214
3483	25218
3484	25218
3485	25218
3486	25218
3488	25218
3490	25225
3492	25235
3494	25235
3496	25235
3498	25235
3499	25235
3501	25235
3503	25235
3505	25235
3506	25235
3508	25235
3510	25235
3512	25235
3514	25235
3516	25235
3518	25235
3519	25236
3521	25236
3523	25236
3525	25236
3527	25236
3529	25236
3530	25236
3532	25241
3534	25241
3536	25241
3538	25241
3539	25244
3541	25244
3542	25244
3544	25244
3546	25248
3547	25248
3549	25248
3550	25248
3552	25256
3553	25274
3555	25274
3556	25274
3558	25274
3560	25275
3561	25276
3563	25276
3564	25278
3566	25279
3568	25279
3569	25279
3571	25304
3573	25304
3575	25304
3577	25304
3578	25304
3579	25307
3581	25307
3582	25307
3583	25307
3585	25307
3586	25307
3587	25307
3589	25307
3590	25307
3592	25307
3593	25307
3595	25307
3597	25307
3598	25307
3599	25307
3601	25307
3602	25307
3604	25307
3605	25307
3606	25307
3608	25307
3610	25307
3611	25307
3613	25307
3614	25307
3616	25307
3618	25307
3619	25307
3621	25307
3623	25307
3624	25307
3626	25307
3628	25307
3630	25307
3631	25307
3633	25307
3634	25307
3636	25307
3638	25307
3639	25307
3640	25307
3642	25307
3643	25307
3644	25307
3649	25307
3650	25307
3651	25307
3653	25307
3654	25307
3655	25307
3657	25307
3658	25307
3660	25307
3661	25307
3662	25307
3664	25307
3666	25307
3667	25307
3669	25307
3670	25307
3672	25307
3674	25307
3676	25307
3678	25307
3680	25307
3683	25307
3686	25307
3689	25307
3692	25307
3695	25307
3698	25307
3701	25317
3703	25317
3707	25317
3709	25317
3712	25321
3714	25321
3717	25321
3719	25322
3722	25322
3724	25323
3725	25323
3727	25323
3729	25323
3731	25323
3733	25323
3734	25323
3736	25323
3738	25323
3739	25323
3741	25323
3743	25323
3744	25323
3746	25323
3748	25325
3749	25325
3751	25325
3752	25325
3754	25325
3756	25325
3757	25325
3759	25325
3760	25325
3762	25325
3763	25325
3765	25332
3767	25332
3768	25332
3770	25332
3771	25332
3773	25332
3775	25332
3776	25333
3778	25333
3780	25333
3781	25334
3783	25334
3785	25334
3786	25334
3788	25334
3789	25336
3791	25336
3793	25336
3794	25336
3796	25336
3798	25336
3800	25336
3802	25336
3803	25336
3805	25336
3807	25336
3808	25336
3810	25336
3812	25336
3813	25336
3815	25337
3817	25337
3819	25337
3820	25337
3822	25337
3823	25338
3825	25338
3826	25338
3828	25338
3829	25338
3831	25338
3833	25338
3834	25338
3836	25339
3838	25339
3839	25339
3841	25339
3842	25339
3844	25339
3846	25339
3847	25345
3849	25345
3850	25345
3852	25345
3853	25345
3855	25345
3857	25345
3858	25346
3860	25346
3862	25346
3863	25346
3865	25346
3867	25346
3868	25346
3870	25349
3872	25349
3874	25349
3876	25349
3877	25349
3879	25349
3881	25349
3882	25349
3884	25349
3885	25349
3887	25349
3889	25349
3890	25351
3892	25351
3894	25351
3896	25351
3897	25351
3899	25351
3900	25351
3902	25351
3903	25351
3905	25351
3907	25351
3908	25351
3910	25353
3912	25353
3913	25353
3915	25354
3917	25372
3918	25372
3920	25372
3922	25372
3923	25372
3925	25383
3926	25383
3928	25383
3930	25383
3931	25383
3933	25383
3935	25383
3937	25383
3938	25383
3940	25383
3941	25383
3943	25383
3945	25383
3946	25383
3948	25383
3950	25383
3951	25538
3953	25539
3955	25540
3956	25540
3958	25540
3960	25540
3961	25541
3963	25542
3964	25542
3966	25542
3968	25542
3969	25542
3971	25542
3973	25542
3975	25542
3976	25542
3978	25542
3980	25546
3981	25546
3983	25546
3984	25546
3986	25546
3987	25546
3989	25546
3990	25546
3992	25546
3994	25546
3995	25546
3997	25546
3998	25546
4000	25546
4001	25546
4003	25546
4005	25546
4006	25550
4008	25550
4009	25550
4011	25550
4013	25550
4015	25550
4017	25550
4018	25550
4020	25558
4022	25559
4023	25559
4025	25559
4027	25559
4029	25559
4030	25564
4032	25587
4033	25588
4035	25589
4037	25589
4038	25589
4040	25589
4042	25589
4044	25589
4046	25589
4047	25589
4049	25589
4050	25589
4052	25589
4054	25589
4055	25589
4057	25592
4058	25592
4060	25592
4062	25592
4063	25592
4065	25594
4067	25597
4069	25597
4070	25597
4072	25597
4073	25597
4075	25597
4076	25597
4078	25597
4079	25597
4081	25597
4082	25597
4084	25597
4085	25597
4087	25597
4088	25597
4090	25597
4091	25597
4093	25598
4095	25598
4096	25598
4098	25598
4099	25598
4101	25598
4103	25598
4104	25598
4106	25598
4108	25598
4109	25598
4111	25601
4113	25601
4114	25717
4116	25717
4117	25717
4119	25717
4121	25717
4123	25719
4124	25719
4126	25719
4128	25719
4130	25719
4131	25719
4133	25719
4134	25719
4136	25719
4137	25726
4139	25726
4141	25726
4142	25726
4144	25726
4145	25727
4147	25728
4149	25730
4151	25730
4153	25730
4155	25730
4156	25731
4158	25732
4160	25732
4161	25737
4163	25737
4165	25738
4167	25738
4169	25738
4171	25738
4172	25740
4174	25740
4176	25740
4177	25740
4179	25741
4181	25741
4182	25741
4184	25741
4186	25742
4188	25742
4189	25742
4191	25742
4193	25743
4194	25743
4196	25743
4198	25743
4200	25743
4201	25743
4203	25743
4205	25743
4206	25743
4208	25743
4210	25743
4212	25743
4214	25743
4215	25770
4217	25770
4219	25770
4221	25770
4222	25770
4224	25770
4226	25773
4228	25773
4229	25784
4231	25784
4233	25784
4234	25784
4236	25784
4238	25784
4240	25784
4241	25784
4243	25785
4245	25785
4247	25785
4248	25785
4250	25785
4252	25785
4254	25785
4256	25785
4257	25785
4259	25785
4261	25785
4262	25785
4264	25785
4266	25785
4268	25800
4269	25816
4271	25816
4273	25816
4274	25816
4276	25816
4277	25816
4279	25816
4281	25816
4282	25816
4284	25816
4286	25816
4288	25816
4289	25816
4291	25816
4293	25816
4294	25816
4296	25816
4298	25817
4299	25817
4301	25817
4303	25817
4304	25817
4306	25817
4308	25817
4309	25817
4311	25817
4313	25817
4314	25817
4316	25817
4318	25817
4320	25817
4322	25817
4323	25819
4325	25819
4327	25819
4329	25819
4331	25819
4332	25819
4334	25819
4336	25819
4338	25819
4339	25819
4341	25819
4342	25819
4344	25819
4345	25819
4347	25819
4349	25819
4350	25819
4352	25820
4353	25820
4355	25822
4356	25822
4358	25822
4359	25822
4361	25822
4362	25822
4364	25822
4365	25822
4367	25822
4368	25822
4370	25822
4372	25822
4373	25822
4375	25825
4376	25825
4378	25825
4379	25825
4381	25825
4382	25825
4384	25825
4386	25825
4387	25825
4389	25825
4390	25825
4392	25825
4393	25825
4395	25825
4396	25826
4398	25826
4400	25828
4402	25828
4403	25838
4405	25838
4407	25838
4409	25838
4410	25838
4412	25838
4414	25838
4415	25838
4417	25838
4419	25838
4421	25838
4422	25838
4424	25838
4426	25838
4427	25838
4429	25838
4431	25838
4433	25838
4434	25838
4436	25838
4437	25838
4439	25838
4440	25838
4442	25838
4444	25838
4446	25838
4475	25838
4476	25846
4478	25846
4479	25846
4480	25846
4482	25846
4483	25846
4485	25846
4486	25846
4487	25847
4489	25847
4490	25847
4491	25847
4493	25847
4494	25847
4496	25847
4497	25847
4498	26078
4500	26090
4501	26090
4503	26090
4504	26090
4506	26091
4507	26091
4509	26091
4510	26091
4512	26091
4513	26091
4515	26091
4516	26091
4518	26091
4520	26091
4522	26091
4523	26093
4525	26093
4527	26093
4529	26093
4531	26093
4533	26093
4534	26093
4536	26093
4537	26093
4539	26093
4541	26093
4543	26093
4545	26093
4547	26093
4549	26093
4550	26093
4552	26093
4554	26093
4555	26093
4557	26093
4559	26093
4561	26093
4563	26093
4564	26093
4566	26093
4567	26093
4569	26093
4571	26093
4572	26095
4574	26095
4576	26095
4578	26095
4579	26095
4581	26095
4583	26096
4584	26096
4586	26096
4588	26096
4589	26096
4591	26096
4593	26096
4595	26096
4596	26096
4598	26096
4600	26107
4601	26122
4603	26127
4604	26127
4606	26140
4608	26140
4609	26140
4611	26140
4613	26140
4614	26140
4616	26140
4617	26141
4619	26141
4621	26141
4623	26150
4624	26150
4626	26150
4628	26150
4629	26150
4631	26151
4633	26151
4635	26151
4636	26151
4638	26151
4640	26151
4642	26151
4643	26151
4645	26151
4646	26151
4648	26151
4649	26154
4651	26154
4652	26155
4654	26155
4656	26155
4657	26155
4658	26155
4660	26155
4662	26155
4664	26155
4666	26155
4667	26155
4669	26155
4670	26155
4672	26155
4674	26155
4676	26155
4677	26155
4679	26169
4680	26169
4682	26169
4684	26169
4686	26169
4687	26169
4689	26173
4690	26174
4692	26174
4694	26174
4696	26174
4698	26176
4699	26176
4701	26177
4703	26177
4704	26177
4706	26177
4708	26177
4709	26177
4711	26177
4713	26177
4715	26177
4716	26182
4718	26182
4719	26182
4721	26182
4723	26182
4724	26182
4726	26182
4727	26182
4729	26182
4730	26182
4732	26182
4734	26183
4735	26183
4737	26183
4738	26183
4740	26183
4741	26183
4743	26195
4745	26195
4746	26196
4748	26196
4750	26196
4752	26196
4753	26196
4755	26196
4757	26196
4758	26196
4760	26198
4761	26198
4763	26198
4764	26198
4766	26198
4768	26198
4769	26201
4771	26202
4773	26202
4774	26202
4776	26205
4777	26205
4779	26205
4780	26205
4782	26205
4784	26208
4785	26208
4787	26208
4788	26208
4790	26208
4792	26208
4794	26208
4795	26208
4797	26209
4799	26209
4800	26243
4802	26243
4803	26243
4805	26243
4806	26243
4808	26243
4810	26243
4812	26243
4813	26246
4815	26246
4816	26246
4818	26250
4820	26250
4822	26251
4823	26251
4825	26251
4826	26251
4828	26252
4830	26252
4832	26252
4833	26252
4835	26253
4837	26253
4838	26253
4839	26254
4841	26254
4843	26254
4844	26254
4846	26254
4848	26254
4850	26254
4851	26254
4853	26254
4854	26254
4856	26262
4858	26262
4860	26262
4861	26262
4863	26266
4864	26266
4866	26266
4868	26266
4869	26266
4871	26441
4873	26453
4874	26453
4876	26453
4877	26453
4879	26453
4881	26453
4883	26453
4884	26453
4886	26453
4888	26453
4890	26453
4892	26453
4893	26453
4895	26453
4897	26453
4899	26453
4901	26453
4902	26453
4904	26453
4906	26453
4907	26453
4909	26453
4910	26453
4912	26470
4914	26470
4915	26470
4917	26470
4919	26470
4921	26470
4922	26470
4924	26470
4925	26470
4927	26470
4929	26470
4930	26470
4932	26470
4934	26470
4936	26470
4938	26474
4940	26474
4942	26474
4944	26474
4946	26476
4948	26476
4949	26476
4951	26476
4953	26476
4954	26476
4956	26476
4958	26476
4959	26476
4961	26476
4963	26476
4965	26476
4966	26476
4968	26509
4970	26509
4971	26509
4973	26510
4975	26510
4977	26510
4979	26510
4980	26510
4982	26510
4984	26510
4986	26510
4988	26510
4989	26510
4991	26510
4993	26510
4995	26510
4997	26510
4998	26510
5000	26510
5002	26510
5004	26510
5005	26510
5007	26510
5009	26510
5010	26510
5012	26510
5014	26510
5016	26510
5018	26510
5019	26510
5021	26510
5023	26510
5025	26510
5026	26510
5028	26510
5030	26510
5031	26510
5033	26515
5035	26515
5036	26515
5038	26515
5040	26515
5042	26515
5043	26515
5045	26515
5047	26515
5048	26515
5050	26515
5052	26515
5054	26515
5055	26515
5057	26515
5059	26515
5061	26515
5063	26515
5064	26522
5066	26522
5068	26522
5070	26522
5071	26522
5073	26522
5075	26522
5076	26525
5078	26526
5080	26526
5081	26526
5083	26526
5085	26526
5087	26527
5088	26527
5090	26527
5092	26527
5094	26527
5095	26527
5097	26527
5099	26527
5101	26527
5103	26527
5104	26527
5106	26527
5108	26528
5110	26528
5111	26528
5113	26528
5115	26529
5116	26529
5118	26529
5120	26532
5122	26532
5124	26532
5126	26532
5128	26532
5129	26532
5131	26532
5133	26532
5134	26532
5136	26534
5138	26534
5139	26534
5141	26534
5143	26534
5145	26534
5146	26542
5148	26542
5150	26548
5152	26548
5153	26548
5155	26548
5157	26548
5159	26548
5161	26548
5162	26548
5164	26548
5166	26548
5167	26553
5169	26555
5171	26555
5172	26555
5174	26555
5176	26555
5177	26555
5179	26556
5180	26556
5182	26556
5184	26556
5186	26556
5187	26556
5189	26556
5191	26556
5193	26556
5194	26556
5196	26780
5198	26780
5200	26780
5202	26780
5203	26782
5205	26782
5207	26782
5209	26782
5210	26782
5212	26782
5213	26782
5215	26782
5217	26782
5219	26783
5220	26783
5222	26784
5224	26785
5226	26785
5227	26785
5229	26785
5231	26785
5232	26788
5234	26788
5235	26788
5237	26788
5238	26788
5240	26788
5241	26788
5243	26788
5245	26788
5246	26788
5248	26790
5250	26790
5252	26790
5254	26790
5255	26790
5257	26790
5258	26790
5260	26790
5262	26790
5264	26790
5266	26790
5267	26790
5269	26790
5271	26790
5272	26790
5274	26792
5276	26792
5277	26794
5279	26794
5280	26794
5282	26794
5284	26801
5286	26801
5288	26801
5289	26801
5291	26802
5292	26802
5294	26802
5296	26802
5297	26802
5299	26803
5301	26803
5302	26803
5304	26806
5306	26814
5308	26814
5310	26814
5311	26814
5313	26814
5314	26814
5316	26814
5318	26822
5319	26822
5321	26822
5323	26822
5325	26822
5326	26822
5328	26822
5330	26822
5331	26822
5333	26822
5335	26822
5336	26822
5338	26828
5340	26828
5341	26828
5343	26828
5345	26828
5346	26877
5348	26879
5350	26879
5351	26879
5353	26879
5355	26879
5357	26879
5358	26879
5360	26879
5361	26879
5363	26879
5365	26879
5366	26910
5368	26932
5370	26932
5372	26932
5373	26933
5375	26946
5376	26946
5378	26946
5380	26946
5382	26946
5384	26946
5386	26952
5387	26954
5389	26960
5391	26960
5393	26960
5394	26961
5396	26961
5398	26961
5399	26961
5401	26961
5403	26961
5404	26961
5406	26961
5407	26962
5409	26962
5411	26964
5412	26966
5414	26966
5416	26966
5417	26966
5419	26966
5420	26966
5422	26966
5424	26966
5425	26966
5427	26966
5429	26966
5431	26968
5433	26973
5434	26975
5436	26975
5438	26977
5440	26977
5441	26977
5443	26977
5445	26977
5447	26977
5449	26977
5451	26977
5453	26977
5455	26977
5457	26977
5458	26977
5460	26977
5462	26977
5464	26977
5466	26977
5468	26977
5469	26977
5471	26977
5472	26977
5474	26977
5476	26977
5477	26977
5479	26977
5480	26977
5482	26977
5484	26977
5485	26977
5487	26977
5488	26978
5490	26978
5492	26978
5493	26978
5495	26978
5496	26978
5498	26978
5500	26978
5501	26978
5503	26978
5504	26978
5506	26978
5508	26978
5510	26978
5511	26978
5513	26978
5515	26978
5517	26978
5519	26978
5520	26978
5522	26978
5523	26981
5525	26981
5526	26981
5528	26981
5530	26981
5531	26982
5533	26983
5535	26983
5537	26983
5538	26983
5540	26983
5542	26983
5543	26983
5545	26983
5547	26989
5548	26989
5550	26990
5552	26990
5554	26990
5556	26990
5557	26990
5558	26990
5560	26993
5561	26993
5563	26995
5565	26996
5566	26996
5568	26996
5570	26996
5572	26998
5573	26998
5575	26998
5577	26998
5579	26998
5581	26998
5582	27002
5584	27002
5585	27002
5587	27002
5589	27003
5591	27003
5592	27003
5594	27004
5596	27014
5598	27032
5599	27032
5601	27032
5603	27032
5604	27032
5606	27032
5608	27032
5609	27032
5611	27032
5612	27032
5614	27032
5615	27032
5617	27032
5618	27032
5620	27035
5622	27035
5624	27035
5625	27035
5627	27035
5629	27035
5630	27035
5632	27037
5634	27037
5636	27037
5637	27037
5639	27037
5641	27037
5643	27037
5645	27037
5646	27037
5648	27037
5650	27037
5652	27037
5653	27037
5655	27037
5657	27037
5659	27037
5660	27037
5662	27037
5664	27037
5665	27042
5667	27043
5669	27043
5671	27043
5672	27043
5674	27043
5676	27044
5678	27044
5680	27044
5681	27044
5683	27044
5685	27044
5686	27052
5688	27052
5690	27052
5691	27053
5693	27055
5695	27055
5696	27055
5698	27055
5700	27055
5701	27055
5703	27055
5705	27055
5707	27055
5708	27056
5710	27056
5712	27056
5714	27056
5716	27056
5718	27056
5720	27056
5722	27056
5724	27056
5726	27056
5728	27056
5730	27056
5732	27056
5734	27058
5735	27058
5737	27058
5739	27058
5741	27058
5742	27058
5744	27058
5745	27058
5747	27058
5749	27061
5751	27061
5752	27061
5754	27066
5755	27066
5757	27066
5758	27066
5760	27066
5762	27066
5763	27066
5765	27066
5767	27066
5769	27066
5771	27066
5772	27066
5774	27066
5776	27070
5777	27070
5779	27070
5781	27070
5782	27070
5784	27070
5786	27070
5787	27070
5789	27070
5791	27070
5793	27070
5794	27070
5796	27070
5798	27070
5799	27070
5801	27070
5803	27070
5805	27071
5807	27071
5808	27071
5810	27071
5812	27071
5814	27071
5816	27071
5817	27071
5819	27071
5821	27071
5822	27071
5824	27071
5826	27073
5828	27073
5830	27073
5832	27073
5833	27073
5835	27073
5836	27073
5838	27073
5840	27073
5841	27073
5843	27073
5845	27073
5847	27073
5848	27074
5850	27074
5852	27085
5853	27086
5855	27086
5857	27086
5859	27086
5860	27086
5862	27086
5863	27086
5865	27089
5866	27089
5868	27089
5870	27089
5872	27089
5873	27089
5875	27089
5876	27089
5878	27089
5880	27089
5882	27089
5884	27089
5885	27089
5887	27089
5889	27089
5891	27089
5893	27089
5894	27089
5896	27089
5897	27089
5899	27090
5901	27090
5902	27090
5904	27090
5905	27090
5906	27091
5907	27091
5909	27091
5911	27091
5912	27092
5914	27095
5916	27095
5917	27095
5919	27099
5921	27099
5923	27099
5925	27099
5926	27099
5928	27099
5930	27099
5931	27099
5933	27099
5935	27099
5936	27099
5938	27099
5939	27099
5941	27099
5942	27099
5944	27099
5945	27099
5947	27099
5948	27099
5949	27099
5951	27099
5952	27099
5954	27099
5955	27099
5957	27100
5959	27100
5961	27100
5962	27100
5964	27100
5966	27100
5967	27100
5968	27100
5970	27111
5971	27111
5973	27111
5974	27111
5976	27111
5977	27117
5979	27117
5981	27117
5982	27117
5984	27117
5985	27117
5986	27117
5988	27117
5989	27117
5991	27122
5993	27122
5994	27122
5995	27122
5997	27122
5999	27128
6000	27128
6002	27128
6004	27128
6005	27128
6006	27128
6008	27129
6010	27130
6012	27130
6014	27130
6015	27143
6017	27143
6019	27143
6021	27143
6022	27143
6024	27143
6026	27143
6028	27143
6030	27143
6032	27143
6033	27143
6035	27143
6037	27143
6038	27143
6040	27143
6041	27143
6043	27143
6045	27143
6046	27143
6048	27143
6050	27143
6052	27143
6053	27143
6055	27143
6057	27143
6059	27143
6061	27143
6063	27145
6065	27147
6067	27147
6069	27148
6071	27148
6073	27148
6074	27148
6076	27148
6079	27148
6081	27148
6082	27148
6084	27148
6086	27148
6088	27148
6091	27148
6092	27151
6094	27151
6096	27151
6098	27151
6100	27151
6101	27151
6103	27151
6104	27152
6106	27152
6108	27154
6110	27154
6111	27154
6113	27154
6115	27154
6117	27154
6118	27154
6120	27155
6122	27155
6123	27155
6125	27155
6127	27155
6129	27155
6130	27155
6132	27155
6134	27155
6135	27155
6137	27155
6139	27155
6141	27155
6142	27155
6144	27157
6146	27157
6148	27158
6150	27158
6152	27159
6153	27159
6155	27159
6157	27159
6159	27159
6161	27159
6162	27159
6164	27159
6166	27159
6168	27159
6169	27159
6171	27159
6173	27159
6175	27159
6177	27159
6178	27159
6180	27159
6182	27159
6184	27159
6185	27159
6187	27159
6189	27159
6191	27159
6192	27159
6194	27159
6196	27159
6198	27159
6199	27159
6201	27159
6202	27159
6204	27159
6206	27159
6208	27159
6210	27161
6211	27161
6213	27161
6215	27161
6217	27161
6218	27161
6220	27161
6221	27163
6223	27163
6225	27163
6227	27163
6228	27163
6230	27163
6232	27163
6234	27163
6235	27163
6237	27163
6239	27163
6241	27163
6243	27169
6245	27169
6246	27169
6248	27169
6250	27170
6251	27170
6253	27170
6255	27170
6256	27170
6258	27170
6259	27170
6261	27171
6263	27177
6265	27186
6267	27186
6268	27186
6270	27186
6272	27186
6274	27188
6275	27188
6277	27188
6279	27188
6280	27188
6282	27188
6284	27188
6285	27399
6287	27420
6289	27420
6290	27420
6292	27426
6294	27426
6296	27426
6297	27426
6299	27426
6301	27427
6303	27427
6305	27427
6307	27427
6309	27427
6311	27427
6312	27427
6314	27427
6316	27427
6318	27427
6320	27455
6322	27455
6323	27455
6325	27456
6327	27456
6329	27456
6331	27456
6332	27456
6334	27456
6336	27456
6338	27456
6340	27456
6342	27456
6344	27456
6345	27470
6347	27470
6349	27470
6350	27470
6352	27470
6353	27472
6355	27472
6357	27472
6358	27472
6360	27472
6362	27472
6364	27472
6365	27472
6367	27472
6369	27473
6371	27473
6373	27473
6374	27473
6376	27473
6378	27473
6379	27473
6381	27473
6383	27473
6384	27473
6386	27473
6388	27473
6390	27473
6392	27473
6393	27473
6395	27473
6397	27473
6398	27473
6400	27473
6402	27473
6404	27473
6406	27473
6408	27475
6409	27475
6411	27475
6413	27475
6414	27475
6416	27475
6418	27475
6419	27475
6421	27475
6422	27475
6424	27475
6425	27484
6427	27486
6428	27486
6430	27487
6432	27501
6433	27501
6435	27501
6436	27501
6438	27501
6440	27501
6441	27501
6443	27501
6444	27501
6446	27501
6448	27501
6449	27501
6451	27501
6453	27501
6455	27501
6457	27501
6459	27501
6461	27501
6462	27501
6464	27501
6466	27501
6467	27501
6469	27512
6471	27512
6472	27512
6474	27512
6476	27512
6478	27512
6480	27512
6481	27512
6483	27549
6485	27549
6487	27550
6489	27554
6491	27554
6492	27554
6494	27554
6495	27554
6497	27554
6498	27554
6500	27554
6502	27554
6504	27554
6506	27554
6508	27554
6509	27554
6511	27593
6513	27593
6514	27593
6516	27593
6518	27593
6520	27593
6522	27593
6524	27595
6525	27595
6527	27595
6529	27595
6531	27595
6533	27595
6534	27595
6536	27595
6538	27595
6539	27595
6541	27595
6543	27595
6545	27595
6546	27595
6548	27595
6550	27595
6552	27595
6554	27595
6555	27595
6557	27595
6559	27595
6560	27595
6562	27595
6564	27595
6565	27595
6567	27595
6569	27595
6571	27595
6572	27595
6574	27595
6576	27595
6577	27595
6579	27595
6581	27595
6582	27595
6584	27595
6585	27595
6587	27595
6589	27595
6590	27598
6592	27604
6593	27604
6595	27604
6597	27604
6598	27604
6600	27604
6602	27604
6604	27604
6606	27604
6607	27604
6609	27604
6611	27604
6612	27612
6614	27613
6616	27613
6618	27613
6619	27613
6621	27613
6623	27613
6625	27613
6626	27613
6628	27613
6630	27613
6632	27613
6634	27613
6636	27613
6638	27613
6639	27613
6641	27614
6643	27614
6644	27614
6646	27614
6648	27614
6649	27614
6651	27615
6653	27617
6655	27617
6657	27617
6658	27617
6660	27617
6662	27617
6664	27617
6665	27617
6667	27618
6669	27618
6670	27618
6672	27618
6673	27618
6675	27618
6677	27618
6678	27618
6680	27624
6682	27630
6683	27630
6685	27630
6687	27630
6689	27630
6691	27630
6693	27633
6694	27633
6696	27633
6697	27633
6699	27633
6701	27633
6703	27633
6705	27633
6706	27633
6708	27633
6710	27633
6712	27633
6713	27633
6715	27634
6716	27634
6718	27634
6720	27634
6721	27634
6723	27634
6725	27634
6726	27634
6728	27634
6729	27634
6731	27634
6733	27634
6735	27634
6737	27634
6738	27634
6740	27634
6742	27634
6743	27634
6745	27634
6747	27634
6749	27634
6750	27635
6752	27640
6754	27640
6756	27640
6757	27640
6759	27641
6761	27641
6762	27641
6764	27641
6766	27641
6767	27672
6769	27672
6771	27675
6772	27675
6775	27675
6777	27675
6779	27675
6780	27675
6782	27675
6784	27675
6786	27675
6788	27675
6790	27675
6791	27675
6793	27675
6795	27675
6796	27675
6798	27675
6800	27675
6802	27675
6804	27675
6805	27675
6807	27675
6848	27675
6858	27676
6862	27678
6866	27707
6874	27713
6878	27713
6883	27713
6891	27713
6897	27713
6908	27713
6920	27713
6926	27714
6931	27714
6935	27716
6939	27716
6941	27716
6943	27716
6944	27716
6946	27716
6948	27716
6949	27716
6951	27716
6953	27716
6954	27716
6956	27716
6958	27716
6959	27716
6961	27718
6962	27718
6964	27718
6966	27718
6967	27718
6969	27718
6971	27718
6973	27718
6975	27718
6977	27718
6978	27718
6980	27718
6982	27718
6983	27718
6985	27718
6987	27718
6989	27718
6990	27718
6992	27718
6994	27718
6996	27718
6997	27718
6999	27718
7001	27718
7003	27718
7004	27718
7006	27718
7008	27718
7009	27718
7010	27718
7012	27718
7013	27718
7015	27718
7017	27718
7018	27718
7020	27718
7022	27718
7023	27718
7025	27718
7027	27718
7028	27735
7030	27735
7032	27735
7034	27735
7035	27735
7037	27735
7038	27735
7040	27735
7042	27737
7043	27737
7045	27737
7047	27737
7048	27737
7050	27737
7052	27737
7054	27737
7055	27737
7057	27737
7059	27737
7060	27737
7062	27737
7063	27737
7065	27749
7067	27749
7068	27749
7070	27751
7072	27751
7073	27751
7075	27751
7077	27751
7079	27751
7081	27751
7083	27763
7084	27763
7086	27763
7088	27763
7090	27763
7091	27763
7093	27763
7095	27763
7096	27763
7098	27763
7099	27763
7101	27763
7103	27763
7104	27763
7106	27763
7108	27763
7110	27763
7112	27763
7113	27763
7116	27763
7117	27763
7120	27763
7122	27774
7124	27774
7126	27774
7128	27774
7129	27774
7131	27774
7133	27774
7135	27774
7137	27774
7139	27774
7141	27774
7142	27774
7144	27774
7146	27774
7147	27774
7149	27825
7150	27825
7152	27826
7153	27826
7155	27826
7156	27826
7158	27826
7160	27826
7162	27826
7164	27826
7166	27826
7167	27826
7169	27830
7171	27830
7173	27830
7174	27830
7176	27830
7178	27835
7180	27835
7182	27835
7184	27835
7186	27835
7187	27835
7189	27839
7191	27839
7192	27839
7194	27839
7196	27839
7197	27849
7199	27849
7200	27849
7202	27849
7204	27849
7206	27849
7207	27849
7209	27849
7210	27849
7212	27849
7214	27849
7215	27849
7217	27849
7219	27849
7220	27849
7222	27849
7224	27849
7226	27849
7227	27849
7229	27849
7231	27849
7232	27849
7234	27849
7236	27849
7238	27849
7239	27849
7241	27849
7243	27849
7245	27849
7246	27849
7247	27849
7249	27849
7250	27849
7251	27849
7253	27849
7254	27849
7256	27849
7258	27849
7259	27849
7261	27849
7263	27849
7264	27849
7266	27849
7267	27849
7269	27849
7270	27849
7272	27849
7273	27849
7275	27849
7276	27849
7278	27849
7279	27849
7281	27849
7282	27849
7284	27849
7285	27849
7287	27849
7288	27849
7290	27849
7292	27850
7294	27850
7295	27850
7297	27850
7299	27850
7301	27850
7302	27850
7304	27850
7306	27850
7307	27850
7309	27850
7310	27850
7312	27850
7314	27850
7316	27850
7317	27850
7319	27850
7320	27850
7322	27851
7323	27851
7325	27851
7327	27851
7328	27851
7330	27851
7331	27868
7333	27897
7334	27897
7336	27897
7337	27897
7339	27897
7340	27897
7342	27897
7343	27897
7345	27897
7346	27897
7348	27897
7350	27897
7352	27897
7354	27897
7356	27897
7358	27897
7360	27897
7362	27897
7364	27897
7366	27902
7368	27902
7371	27902
7373	27902
7375	27902
7377	27902
7379	27903
7381	27903
7383	27911
7386	27911
7388	27915
7389	27917
7392	27917
7393	27917
7395	27917
7397	27917
7399	27917
7400	27917
7402	27917
7404	27917
7406	27917
7408	27917
7409	27917
7411	27917
7412	27917
7414	27918
7416	27918
7418	27918
7419	27918
7421	27918
7423	27918
7425	27918
7426	27918
7428	27918
7429	27918
7431	27918
7433	27918
7435	27976
7437	27976
7438	27976
7440	27976
7442	27979
7443	27979
7444	27979
7446	27980
7448	27980
7450	27984
7452	27984
7454	27984
7455	27984
7457	27984
7459	27984
7460	27984
7462	27984
7464	27984
7465	27984
7467	27984
7470	27984
7471	27984
7473	27984
7475	27984
7477	27985
7479	27985
7481	27986
7482	27986
7484	27986
7486	27987
7487	27987
7489	27987
7491	27987
7492	27987
7494	27987
7496	27991
7498	27996
7500	27996
7502	27996
7504	27996
7506	27996
7508	27996
7509	27996
7511	27996
7513	27996
7514	27996
7516	27996
7518	27996
7519	27996
7521	27997
7523	27999
7524	27999
7526	27999
7528	27999
7530	27999
7531	27999
7533	27999
7535	28004
7537	28005
7538	28006
7540	28013
7542	28013
7544	28013
7546	28013
7548	28013
7549	28013
7551	28013
7553	28013
7554	28013
7556	28013
7558	28013
7559	28013
7561	28013
7563	28013
7565	28013
7567	28013
7568	28013
7570	28013
7572	28013
7574	28013
7576	28013
7577	28013
7579	28013
7581	28013
7583	28013
7585	28013
7586	28013
7588	28013
7589	28013
7591	28013
7593	28013
7595	28013
7596	28013
7598	28013
7600	28017
7602	28057
7605	28057
7607	28057
7609	28057
7610	28057
7612	28057
7614	28057
7615	28057
7617	28057
7619	28057
7621	28057
7623	28057
7625	28057
7627	28057
7628	28057
7630	28057
7632	28057
7633	28057
7635	28057
7637	28057
7638	28057
7640	28057
7642	28058
7643	28059
7645	28059
7647	28059
7648	28059
7650	28059
7652	28059
7654	28059
7655	28059
7658	28059
7659	28059
7661	28059
7663	28059
7664	28059
7665	28059
7667	28059
7669	28059
7670	28059
7673	28059
7674	28059
7676	28059
7679	28059
7681	28059
7683	28059
7685	28059
7687	28059
7689	28059
7691	28059
7693	28059
7694	28059
7696	28059
7698	28059
7701	28059
7702	28059
7704	28059
7706	28059
7707	28059
7709	28059
7711	28059
7713	28059
7715	28061
7716	28061
7718	28061
7720	28061
7722	28061
7724	28061
7726	28061
7727	28061
7729	28061
7731	28061
7733	28061
7734	28092
7736	28093
7738	28093
7740	28093
7742	28093
7743	28093
7745	28093
7747	28093
7748	28093
7750	28093
7752	28093
7754	28093
7756	28093
7757	28093
7759	28093
7761	28093
7762	28093
7764	28094
7766	28095
7768	28095
7770	28095
7772	28095
7774	28095
7775	28095
7777	28095
7778	28096
7781	28096
7782	28096
7784	28096
7786	28096
7788	28098
7790	28098
7792	28098
7794	28099
7795	28099
7797	28099
7799	28099
7801	28099
7802	28099
7804	28099
7806	28099
7808	28099
7810	28099
7811	28099
7813	28099
7815	28099
7817	28099
7819	28099
7821	28099
7822	28099
7824	28099
7826	28099
7828	28099
7830	28100
7831	28104
7833	28104
7835	28104
7837	28104
7839	28104
7841	28104
7842	28104
7844	28104
7847	28104
7849	28173
7851	28173
7853	28173
7855	28173
7856	28173
7858	28173
7860	28173
7862	28173
7863	28173
7865	28173
7867	28173
7868	28173
7871	28173
7872	28173
7874	28174
7876	28174
7878	28175
7880	28175
7882	28176
7883	28176
7885	28176
7887	28176
7889	28176
7891	28176
7892	28176
7894	28176
7896	28176
7897	28176
7899	28176
7901	28176
7902	28176
7904	28176
7906	28177
7908	28177
7909	28216
7911	28216
7913	28216
7914	28216
7916	28216
7917	28216
7919	28216
7921	28216
7922	28216
7924	28216
7926	28216
7928	28216
7929	28216
7931	28216
7933	28216
7935	28216
7937	28216
7939	28216
7941	28216
7943	28216
7944	28216
7946	28216
7948	28216
7950	28216
7952	28216
7954	28216
7956	28216
7957	28216
7959	28216
7960	28216
7962	28216
7964	28216
7966	28216
7967	28216
7969	28216
7971	28216
7973	28216
7975	28216
7977	28216
7978	28216
7981	28216
7983	28216
7984	28216
7986	28216
7988	28216
7990	28235
7991	28235
7993	28235
7995	28235
7997	28235
7999	28235
8001	28235
8003	28235
8004	28235
8006	28235
8008	28235
8010	28235
8012	28235
8014	28235
8016	28235
8018	28235
8021	28235
8022	28235
8024	28235
8026	28235
8028	28235
8029	28235
8031	28238
8032	28238
8034	28239
8036	28239
8037	28239
8039	28239
8041	28239
8042	28239
8044	28239
8046	28244
8048	28244
8050	28244
8052	28244
8053	28244
8056	28244
8058	28244
8060	28244
8062	28244
8063	28244
8065	28244
8066	28244
8068	28244
8069	28244
8071	28244
8073	28244
8075	28244
8077	28244
8079	28244
8081	28244
8083	28244
8085	28244
8087	28244
8089	28244
8091	28244
8093	28244
8095	28244
8097	28244
8099	28244
8101	28244
8103	28244
8105	28244
8107	28244
8108	28244
8110	28244
8112	28244
8113	28244
8115	28244
8116	28244
8118	28244
8120	28244
8122	28244
8123	28244
8125	28244
8126	28244
8128	28244
8130	28244
8131	28244
8133	28244
8134	28244
8136	28244
8138	28244
8140	28244
8142	28244
8144	28244
8145	28244
8147	28244
8149	28244
8151	28244
8152	28244
8154	28244
8156	28244
8157	28244
8159	28248
8161	28248
8163	28248
8165	28248
8166	28248
8168	28248
8170	28248
8172	28248
8173	28248
8175	28248
8177	28248
8178	28248
8180	28248
8181	28248
8183	28248
8184	28248
8186	28248
8188	28248
8189	28248
8191	28248
8193	28248
8194	28248
8196	28248
8198	28248
8200	28248
8202	28248
8204	28248
8206	28248
8208	28248
8209	28248
8211	28248
8213	28248
8215	28248
8216	28248
8218	28249
8220	28249
8222	28249
8223	28249
8225	28249
8227	28249
8229	28249
8230	28249
8232	28249
8233	28249
8235	28250
8237	28250
8239	28254
8241	28255
8243	28255
8244	28255
8246	28255
8248	28255
8250	28255
8251	28255
8253	28255
8255	28255
8256	28255
8258	28255
8260	28255
8262	28255
8264	28255
8265	28255
8267	28255
8269	28255
8271	28255
8273	28255
8274	28262
8276	28262
8278	28262
8280	28262
8282	28262
8284	28262
8286	28262
8287	28263
8289	28263
8291	28263
8293	28263
8295	28263
8297	28263
8299	28263
8300	28263
8302	28263
8304	28263
8305	28263
8307	28263
8309	28263
8311	28263
8312	28263
8314	28287
8315	28287
8317	28287
8319	28287
8320	28287
8322	28287
8324	28287
8326	28287
8328	28287
8330	28287
8331	28287
8333	28287
8335	28289
8336	28289
8338	28289
8340	28289
8342	28289
8344	28289
8346	28289
8347	28289
8349	28289
8351	28289
8353	28289
8355	28289
8357	28289
8359	28289
8360	28289
8362	28289
8364	28289
8366	28289
8367	28289
8369	28289
8371	28289
8373	28289
8374	28289
8376	28289
8377	28289
8379	28289
8381	28289
8382	28289
8384	28289
8386	28289
8388	28289
8390	28289
8392	28289
8393	28289
8395	28289
8397	28289
8398	28289
8400	28289
8401	28304
8403	28305
8405	28305
8407	28305
8408	28305
8410	28305
8412	28305
8414	28305
8416	28305
8418	28305
8420	28305
8422	28305
8424	28305
8426	28305
8427	28305
8429	28305
8431	28305
8433	28305
8434	28305
8436	28305
8438	28305
8440	28305
8442	28305
8444	28305
8446	28305
8448	28305
8449	28305
8451	28305
8453	28305
8454	28305
8456	28306
8458	28306
8460	28306
8462	28306
8463	28306
8465	28306
8467	28306
8469	28307
8470	28307
8473	28307
8474	28307
8476	28307
8478	28307
8479	28307
8481	28307
8483	28307
8484	28307
8486	28307
8488	28307
8490	28307
8492	28307
8493	28307
8494	28307
8496	28307
8498	28307
8500	28307
8502	28307
8504	28311
8506	28311
8508	28311
8509	28311
8511	28311
8512	28311
8513	28311
8515	28311
8516	28311
8518	28311
8520	28311
8522	28311
8524	28312
8526	28324
8528	28325
8529	28325
8531	28325
8533	28325
8535	28325
8537	28325
8539	28325
8540	28325
8542	28325
8544	28325
8546	28325
8548	28325
8550	28325
8551	28325
8553	28325
8554	28325
8556	28325
8557	28325
8559	28325
8561	28325
8562	28325
8564	28325
8566	28325
8568	28325
8570	28325
8571	28325
8573	28325
8575	28325
8576	28325
8578	28325
8580	28325
8582	28325
8584	28325
8586	28325
8588	28325
8590	28325
8592	28325
8594	28325
8595	28344
8597	28344
8598	28344
8600	28344
8602	28344
8604	28344
8605	28344
8607	28344
8609	28347
8610	28347
8612	28347
8614	28347
8616	28347
8618	28347
8619	28347
8621	28347
8623	28347
8624	28347
8626	28347
8628	28347
8630	28347
8631	28347
8633	28347
8635	28347
8636	28347
8638	28347
8640	28434
8641	28434
8643	28434
8645	28434
8646	28434
8648	28434
8650	28434
8652	28434
8653	28434
8655	28438
8657	28438
8659	28438
8661	28438
8663	28438
8665	28438
8667	28438
8668	28438
8670	28438
8672	28438
8673	28438
8675	28438
8677	28438
8679	28438
8681	28438
8683	28438
8685	28438
8687	28438
8688	28438
8690	28438
8692	28438
8694	28438
8696	28438
8698	28438
8700	28439
8702	28439
8703	28439
8705	28445
8707	28445
8709	28445
8711	28445
8713	28445
8714	28445
8716	28445
8718	28445
8720	28445
8722	28445
8723	28451
8725	28451
8727	28451
8729	28451
8731	28451
8733	28451
8734	28451
8736	28451
8738	28488
8740	28488
8742	28488
8743	28488
8745	28488
8747	28488
8748	28488
8750	28488
8752	28488
8754	28488
8756	28488
8757	28488
8759	28488
8761	28488
8763	28488
8765	28488
8767	28488
8769	28488
8771	28488
8773	28488
8775	28488
8777	28500
8778	28500
8780	28500
8782	28500
8784	28500
8786	28500
8788	28500
8790	28500
8791	28500
8793	28500
8794	28513
8796	28513
8798	28513
8800	28520
8801	28520
8803	28520
8804	28520
8806	28520
8808	28537
8810	28537
8812	28537
8814	28537
8815	28537
8817	28537
8819	28537
8820	28537
8822	28537
8824	28537
8826	28537
8828	28537
8830	28537
8832	28537
8834	28537
8836	28537
8837	28537
8839	28537
8840	28537
8842	28537
8844	28537
8846	28537
8848	28537
8850	28537
8851	28537
8853	28537
8855	28537
8856	28537
8858	28537
8860	28537
8862	28537
8864	28537
8866	28537
8868	28537
8869	28538
8871	28538
8872	28538
8874	28538
8876	28538
8877	28538
8879	28538
8881	28538
8883	28538
8884	28538
8886	28538
8888	28538
8890	28538
8892	28538
8893	28538
8895	28538
8897	28539
8898	28539
8900	28539
8902	28539
8904	28539
8905	28539
8907	28539
8909	28539
8911	28554
8912	28554
8914	28554
8915	28557
8917	28557
8918	28557
8919	28558
8921	28558
8923	28558
8924	28558
8926	28558
8928	28558
8929	28558
8931	28558
8932	28558
8934	28558
8935	28558
8936	28558
8939	28560
8940	28560
8942	28560
8944	28560
8946	28560
8948	28560
8950	28560
8952	28560
8953	28560
8955	28560
8956	28560
8958	28560
8960	28560
8962	28560
8964	28560
8966	28560
8968	28560
8970	28560
8971	28560
8973	28560
8975	28560
8977	28560
8978	28560
8980	28562
8982	28562
8984	28562
8986	28562
8987	28562
8989	28562
8990	28562
8992	28562
8994	28562
8996	28562
8998	28562
9000	28562
9002	28563
9004	28563
9006	28563
9008	28563
9010	28563
9012	28563
9014	28563
9015	28563
9017	28563
9018	28563
9020	28563
9022	28565
9024	28565
9026	28565
9028	28565
9030	28565
9032	28565
9034	28565
9035	28565
9037	28565
9039	28565
9041	28565
9043	28565
9045	28565
9046	28565
9048	28565
9050	28565
9052	28565
9054	28565
9056	28565
9058	28565
9059	28565
9061	28565
9062	28565
9064	28565
9066	28565
9068	28565
9070	28565
9072	28565
9074	28565
9076	28565
9077	28565
9079	28565
9081	28565
9082	28565
9084	28567
9086	28567
9088	28567
9090	28567
9091	28567
9093	28567
9095	28567
9097	28567
9098	28567
9100	28567
9102	28567
9104	28567
9105	28567
9107	28567
9109	28567
9111	28567
9113	28567
9114	28567
9116	28567
9118	28567
9120	28567
9122	28567
9124	28567
9126	28567
9128	28567
9130	28567
9132	28567
9133	28567
9135	28568
9137	28568
9139	28568
9140	28568
9143	28568
9144	28568
9146	28568
9148	28568
9150	28568
9152	28568
9154	28568
9156	28568
9158	28568
9160	28568
9162	28568
9164	28568
9166	28568
9168	28568
9170	28568
9172	28568
9173	28568
9175	28568
9177	28584
9179	28584
9181	28584
9182	28584
9184	28584
9186	28584
9188	28584
9190	28584
9192	28584
9193	28584
9195	28584
9197	28584
9198	28584
9200	28584
9202	28584
9204	28584
9206	28584
9207	28584
9209	28584
9211	28584
9213	28584
9214	28584
9216	28584
9218	28584
9219	28584
9221	28584
9223	28584
9224	28584
9226	28584
9227	28584
9229	28584
9231	28584
9233	28584
9235	28584
9237	28584
9239	28584
9241	28584
9242	28584
9244	28584
9246	28584
9247	28591
9249	28593
9251	28593
9253	28593
9255	28593
9257	28593
9259	28593
9261	28593
9262	28593
9264	28593
9266	28593
9268	28593
9269	28593
9271	28593
9272	28593
9274	28593
9276	28593
9278	28595
9279	28595
9281	28595
9283	28595
9285	28595
9286	28595
9288	28595
9289	28595
9291	28595
9293	28595
9295	28595
9296	28595
9298	28595
9300	28595
9302	28597
9304	28597
9306	28597
9308	28597
9310	28597
9312	28597
9313	28597
9315	28597
9317	28597
9319	28597
9321	28597
9323	28597
9325	28602
9327	28602
9328	28603
9330	28603
9332	28603
9334	28603
9335	28603
9337	28603
9339	28603
9341	28604
9342	28604
9344	28604
9345	28604
9347	28604
9348	28604
9350	28604
9352	28604
9354	28604
9355	28604
9357	28604
9359	28604
9361	28604
9362	28604
9364	28604
9366	28604
9368	28604
9369	28604
9371	28604
9373	28604
9375	28604
9376	28604
9378	28604
9380	28604
9382	28604
9384	28604
9385	28604
9387	28604
9389	28604
9391	28604
9393	28604
9395	28604
9396	28604
9398	28604
9399	28604
9401	28604
9403	28604
9405	28604
9407	28604
9409	28604
9411	28612
9412	28616
9414	28616
9416	28616
9418	28616
9420	28616
9421	28616
9423	28616
9425	28616
9427	28616
9428	28616
9430	28616
9432	28616
9434	28616
9436	28616
9438	28616
9439	28616
9441	28616
9443	28616
9445	28616
9447	28617
9449	28617
9450	28623
9451	28623
9453	28623
9455	28623
9457	28623
9458	28623
9460	28623
9462	28633
9465	28633
9467	28633
9468	28633
9471	28633
9472	28633
9475	28633
9476	28633
9478	28633
9480	28633
9482	28633
9484	28633
9486	28633
9488	28633
9490	28633
9492	28633
9493	28633
9495	28633
9497	28633
9498	28633
9499	28633
9501	28633
9503	28633
9505	28633
9507	28633
9509	28633
9510	28633
9512	28633
9514	28633
9515	28633
9517	28633
9519	28633
9520	28633
9522	28633
9524	28633
9525	28633
9527	28633
9529	28638
9531	28638
9533	28638
9534	28638
9536	28638
9538	28638
9540	28638
9542	28639
9544	28639
9546	28639
9547	28639
9549	28639
9551	28639
9552	28639
9554	28639
9556	28639
9558	28639
9560	28639
9561	28639
9563	28639
9565	28639
9567	28639
9569	28639
9570	28639
9572	28639
9574	28639
9576	28639
9577	28639
9579	28639
9581	28639
9582	28639
9584	28639
9586	28639
9588	28639
9589	28639
9591	28639
9593	28639
9595	28639
9597	28639
9599	28639
9601	28639
9602	28639
9604	28639
9606	28639
9608	28639
9610	28639
9612	28639
9613	28639
9615	28639
9617	28639
9618	28639
9620	28639
9621	28639
9623	28639
9624	28639
9626	28639
9627	28639
9628	28639
9630	28639
9632	28639
9634	28639
9635	28639
9637	28639
9638	28639
9640	28639
9642	28639
9644	28639
9645	28639
9647	28639
9649	28639
9650	28645
9652	28645
9654	28645
9655	28645
9657	28645
9659	28645
9660	28645
9662	28645
9664	28645
9666	28645
9668	28645
9670	28645
9672	28645
9674	28645
9676	28645
9677	28645
9679	28645
9680	28645
9682	28645
9684	28645
9686	28645
9687	28645
9689	28645
9691	28645
9693	28645
9695	28645
9697	28645
9698	28645
9700	28645
9702	28645
9703	28645
9705	28645
9707	28645
9708	28645
9710	28645
9712	28645
9713	28645
9715	28645
9716	28645
9718	28645
9720	28647
9721	28647
9723	28647
9725	28647
9727	28650
9728	28650
9730	28650
9731	28650
9733	28650
9735	28650
9737	28650
9739	28650
9741	28650
9744	28650
9746	28650
9747	28650
9750	28650
9752	28650
9754	28650
9756	28650
9759	28650
9761	28650
9763	28650
9765	28650
9767	28650
9769	28650
9772	28650
9774	28650
9776	28650
9778	28650
9780	28650
9782	28650
9784	28650
9785	28650
9788	28650
9789	28650
9791	28650
9793	28650
9794	28651
9796	28651
9798	28651
9800	28651
9802	28651
9804	28651
9806	28651
9808	28651
9809	28653
9811	28654
9813	28654
9815	28654
9816	28654
9818	28654
9820	28654
9822	28654
9823	28654
9825	28654
9827	28654
9829	28654
9830	28654
9832	28654
9834	28654
9836	28654
9837	28654
9839	28654
9841	28654
9842	28654
9844	28654
9845	28654
9847	28654
9848	28654
9850	28654
9852	28654
9854	28654
9856	28654
9857	28654
9859	28654
9861	28654
9862	28654
9864	28654
9866	28654
9867	28654
9869	28654
9871	28654
9873	28654
9874	28654
9876	28656
9878	28656
9880	28656
9882	28656
9884	28656
9885	28656
9887	28656
9889	28656
9891	28656
9893	28656
9894	28656
9896	28656
9898	28656
9900	28656
9902	28656
9903	28656
9906	28656
9908	28656
9909	28656
9911	28656
9913	28656
9915	28656
9917	28670
9918	28670
9920	28670
9922	28672
9924	28672
9926	28672
9928	28672
9929	28672
9931	28678
9933	28678
9934	28678
9936	28678
9938	28678
9940	28678
9942	28678
9944	28678
9946	28678
9948	28679
9950	28679
9952	28679
9954	28679
9956	28679
9957	28679
9959	28679
9961	28679
9963	28679
9964	28679
9966	28679
9967	28679
9969	28679
9970	28679
9972	28679
9974	28679
9976	28679
9977	28679
9979	28679
9981	28679
9983	28679
9985	28691
9986	28691
9988	28691
9990	28691
9992	28691
9994	28691
9996	28691
9998	28691
9999	28691
10001	28691
10003	28691
10005	28691
10007	28691
10008	28691
10010	28691
10012	28691
10014	28691
10015	28691
10017	28691
10018	28691
10020	28691
10022	28691
10024	28691
10026	28691
10028	28691
10030	28691
10031	28691
10033	28691
10035	28691
10037	28691
10039	28691
10041	28691
10043	28691
10044	28691
10046	28691
10048	28691
10050	28691
10052	28691
10054	28691
10055	28691
10057	28691
10059	28691
10061	28691
10063	28691
10064	28691
10066	28691
10068	28691
10070	28691
10072	28691
10074	28691
10076	28730
10078	28730
10079	28730
10081	28730
10083	28730
10085	28730
10087	28730
10089	28730
10090	28732
10092	28732
10094	28732
10096	28732
10098	28732
10100	28732
10102	28732
10104	28732
10105	28732
10107	28732
10109	28732
10111	28732
10113	28732
10114	28732
10116	28732
10118	28732
10119	28733
10121	28733
10123	28733
10125	28733
10126	28733
10128	28733
10130	28733
10132	28734
10134	28734
10136	28734
10138	28735
10140	28735
10141	28735
10143	28735
10145	28735
10146	28735
10148	28735
10149	28735
10151	28735
10153	28735
10155	28735
10157	28735
10158	28735
10160	28735
10162	28735
10164	28735
10166	28735
10168	28735
10170	28735
10172	28735
10173	28735
10175	28735
10176	28735
10178	28735
10180	28735
10182	28735
10183	28739
10185	28739
10187	28739
10189	28742
10190	28742
10192	28742
10194	28742
10195	28742
10197	28742
10199	28742
10201	28742
10203	28742
10205	28742
10207	28742
10208	28742
10210	28742
10212	28742
10214	28742
10216	28742
10218	28742
10219	28742
10221	28742
10223	28742
10224	28742
10226	28742
10228	28742
10229	28747
10232	28747
10233	28747
10236	28747
10237	28747
10239	28747
10241	28747
10242	28747
10244	28747
10246	28747
10248	28747
10250	28747
10252	28747
10253	28747
10255	28751
10256	28751
10258	28751
10260	28751
10262	28751
10264	28751
10266	28751
10268	28751
10269	28751
10272	28751
10273	28751
10275	28751
10277	28751
10279	28751
10281	28751
10283	28751
10285	28751
10287	28751
10289	28751
10291	28751
10292	28751
10294	28751
10296	28751
10298	28751
10300	28751
10301	28751
10303	28751
10305	28751
10306	28751
10308	28751
10310	28751
10312	28751
10314	28751
10316	28751
10318	28751
10320	28751
10322	28751
10324	28751
10325	28751
10326	28751
10328	28751
10330	28751
10332	28751
10333	28751
10335	28751
10336	28751
10338	28752
10340	28752
10342	28752
10344	28752
10346	28752
10348	28752
10350	28752
10352	28752
10354	28752
10356	28752
10357	28752
10359	28752
10361	28752
10362	28754
10364	28754
10366	28754
10367	28754
10369	28754
10371	28754
10373	28754
10375	28754
10377	28754
10379	28754
10380	28754
10383	28754
10385	28754
10387	28754
10389	28759
10392	28759
10394	28759
10396	28764
10398	28764
10400	28764
10402	28766
10404	28766
10406	28766
10408	28768
10410	28768
10412	28768
10414	28768
10415	28768
10417	28768
10419	28768
10420	28768
10422	28768
10424	28768
10426	28768
10428	28768
10430	28768
10431	28768
10433	28768
10435	28768
10437	28768
10439	28769
10440	28775
10442	28775
10444	28775
10446	28775
10448	28775
10450	28775
10452	28775
10453	28775
10455	28775
10457	28775
10459	28775
10460	28775
10462	28775
10464	28775
10466	28775
10468	28775
10469	28775
10471	28775
10473	28775
10474	28775
10476	28775
10478	28775
10480	28775
10482	28775
10483	28775
10485	28775
10487	28775
10489	28775
10491	28775
10493	28775
10495	28775
10497	28775
10499	28775
10501	28775
10503	28775
10505	28775
10507	28776
10509	28776
10512	28776
10514	28776
10516	28776
10517	28776
10519	28776
10521	28776
10523	28776
10525	28776
10526	28776
10528	28776
10530	28776
10532	28776
10534	28776
10536	28776
10538	28776
10539	28776
10541	28776
10543	28776
10544	28776
10546	28776
10547	28776
10549	28776
10551	28776
10554	28776
10556	28776
10558	28776
10560	28776
10561	28776
10563	28776
10565	28776
10566	28776
10568	28776
10570	28795
10572	28795
10574	28795
10576	28795
10578	28795
10580	28795
10581	28795
10583	28795
10585	28795
10587	28795
10589	28795
10591	28795
10592	28795
10594	28795
10596	28795
10598	28795
10600	28795
10602	28795
10603	28795
10605	28795
10607	28798
10609	28798
10611	28798
10613	28798
10615	28798
10616	28798
10618	28798
10620	28798
10622	28798
10623	28798
10625	28802
10627	28802
10628	28802
10630	28802
10631	28802
10633	28802
10635	28802
10637	28802
10639	28802
10640	28803
10642	28803
10644	28803
10646	28803
10648	28807
10650	28807
10652	28807
10653	28807
10655	28807
10657	28807
10659	28807
10661	28807
10663	28807
10665	28807
10667	28807
10669	28807
10671	28807
10672	28807
10674	28807
10676	28807
10678	28807
10680	28807
10682	28807
10684	28807
10686	28807
10687	28807
10689	28807
10691	28807
10693	28807
10695	28807
10697	28807
10699	28807
10701	28807
10703	28807
10705	28811
10707	28811
10709	28811
10711	28813
10712	28813
10715	28813
10716	28813
10718	28813
10720	28813
10721	28813
10723	28813
10725	28813
10727	28813
10728	28813
10730	28817
10732	28817
10734	28817
10736	28817
10737	28817
10739	28817
10741	28817
10742	28817
10744	28817
10746	28817
10748	28817
10749	28817
10751	28817
10753	28817
10754	28817
10756	28817
10758	28817
10760	28817
10761	28817
10763	28817
10765	28817
10767	28817
10768	28817
10770	28817
10772	28817
10773	28817
10775	28817
10777	28817
10779	28817
10781	28817
10783	28817
10785	28817
10787	28817
10789	28817
10791	28817
10793	28817
10795	28817
10797	28817
10798	28817
10800	28817
10802	28817
10804	28817
10806	28817
10808	28817
10809	28817
10811	28817
10813	28817
10815	28817
10817	28817
10818	28817
10820	28817
10822	28817
10824	28817
10826	28817
10829	28817
10831	28817
10832	28817
10834	28817
10836	28817
10838	28817
10839	28817
10841	28817
10843	28817
10844	28817
10846	28817
10848	28823
10850	28823
10851	28823
10853	28823
10855	28823
10857	28823
10859	28823
10860	28823
10862	28823
10864	28823
10865	28823
10867	28823
10869	28823
10870	28823
10872	28823
10874	28823
10876	28823
10877	28823
10879	28823
10880	28823
10882	28823
10884	28823
10886	28823
10888	28823
10889	28825
10891	28825
10893	28825
10895	28825
10897	28850
10898	28850
10900	28850
10902	28850
10904	28850
10906	28850
10908	28850
10910	28850
10912	28850
10914	28850
10916	28850
10918	28850
10920	28850
10921	28850
10923	28850
10924	28850
10926	28850
10928	28850
10929	28850
10930	28863
10932	28863
10933	28863
10935	28863
10936	28863
10938	28863
10939	28863
10941	28863
10942	28863
10944	28863
10946	28863
10947	28863
10949	28863
10951	28863
10952	28863
10954	28863
10955	28863
10957	28863
10958	28863
10960	28863
10962	28863
10963	28863
10965	28863
10967	28863
10968	28863
10969	28863
10970	28863
10971	28863
10973	28863
10974	28863
10975	28863
10976	28863
10977	28863
10978	28863
